{"train/acc":0.6299999952316284,"_timestamp":1.743582844819624e+09,"_runtime":983.1355557,"_step":101,"Validation/acc":0.6978693677960182,"_wandb":{"runtime":983},"train/loss":0.8594713592529297}